id,name,firstname,lastname,email,mobileNumber,gender,birthDay,username,bio,password,private
62b6ed34fc13ae6bd6000280,62b6ed34fc13ae6bd6000280,Geri,McGreary,gmcgreary0@washingtonpost.com,606 632 7963,Male,1019907306000,gmcgreary0,Embryonic cyst of fallopian tube,123,true
62b6ed34fc13ae6bd6000281,62b6ed34fc13ae6bd6000281,Felicity,Brent,fbrent1@walmart.com,581 651 7013,Female,747716910000,fbrent1,"Oth secondary chronic gout, unsp ankle and foot, with tophus",123,true
62b6ed34fc13ae6bd6000282,62b6ed34fc13ae6bd6000282,Verne,Bertelmot,vbertelmot2@senate.gov,568 974 9905,Male,762377841000,vbertelmot2,"Unspecified injury of right lower leg, initial encounter",123,true
62b6ed34fc13ae6bd6000283,62b6ed34fc13ae6bd6000283,Cilka,Cresar,ccresar3@alexa.com,892 130 6781,Female,764304231000,ccresar3,"Exposure to other noise, sequela",123,true
62b6ed34fc13ae6bd6000284,62b6ed34fc13ae6bd6000284,Wendeline,Berridge,wberridge4@ted.com,957 484 5109,Female,877444224000,wberridge4,Postproc seroma of left eye and adnexa fol other procedure,123,true
62b6ed34fc13ae6bd6000285,62b6ed34fc13ae6bd6000285,Reeva,Hanmore,rhanmore5@odnoklassniki.ru,127 315 3199,Female,856453360000,rhanmore5,"Prsn brd/alit pk-up/van inj pick-up truck, pk-up/van, init",123,true
62b6ed34fc13ae6bd6000286,62b6ed34fc13ae6bd6000286,Chevalier,Eland,celand6@epa.gov,462 138 5962,Male,691242391000,celand6,"Nondisp commnt fx shaft of humer, unsp arm, 7thD",123,true
62b6ed34fc13ae6bd6000287,62b6ed34fc13ae6bd6000287,Kirby,Padwick,kpadwick7@cpanel.net,746 842 5105,Male,754081346000,kpadwick7,"Triplet preg, unsp num plcnta & amnio sacs, second trimester",123,true
62b6ed34fc13ae6bd6000288,62b6ed34fc13ae6bd6000288,Morgan,Dowsey,mdowsey8@studiopress.com,385 623 0807,Female,725727007000,mdowsey8,Oppositional defiant disorder,123,false
62b6ed34fc13ae6bd6000289,62b6ed34fc13ae6bd6000289,Tan,Briatt,tbriatt9@naver.com,355 153 1026,Male,1067219593000,tbriatt9,"Burn of unspecified degree of left forearm, sequela",123,true
62b6ed34fc13ae6bd600028a,62b6ed34fc13ae6bd600028a,Alaine,Carless,acarlessa@trellian.com,966 176 9853,Female,895839263000,acarlessa,"Sltr-haris Type III physl fx upper end rad, right arm, init",123,true
62b6ed34fc13ae6bd600028b,62b6ed34fc13ae6bd600028b,Gussie,O'Dea,godeab@pinterest.com,155 163 9998,Female,938446742000,godeab,Malignant neoplasm of orbit,123,false
62b6ed34fc13ae6bd600028c,62b6ed34fc13ae6bd600028c,Agustin,Nicholas,anicholasc@pbs.org,259 461 9634,Male,680720838000,anicholasc,Esophagostomy infection,123,true
62b6ed34fc13ae6bd600028d,62b6ed34fc13ae6bd600028d,Brade,Stilling,bstillingd@nih.gov,766 846 2119,Male,844856055000,bstillingd,"Nondisp fx of distal phalanx of unsp finger, init",123,true
62b6ed34fc13ae6bd600028e,62b6ed34fc13ae6bd600028e,Gwenette,Simakov,gsimakove@a8.net,707 485 4554,Female,843271020000,gsimakove,"Opioid use, unspecified with opioid-induced sleep disorder",123,true
62b6ed34fc13ae6bd600028f,62b6ed34fc13ae6bd600028f,Halette,Zamboniari,hzamboniarif@google.de,143 702 5197,Female,797844140000,hzamboniarif,"Gastric contents in esophagus causing other injury, sequela",123,false
62b6ed34fc13ae6bd6000290,62b6ed34fc13ae6bd6000290,Donny,Duckerin,dduckering@de.vu,993 470 7178,Male,753705804000,dduckering,"Cont preg aft elctv fetl rdct of 1 fts or more,2nd tri, fts1",123,false
62b6ed34fc13ae6bd6000291,62b6ed34fc13ae6bd6000291,Sydney,Guihen,sguihenh@wp.com,138 398 6156,Female,1076738307000,sguihenh,"Generalized contraction of visual field, left eye",123,false
62b6ed34fc13ae6bd6000292,62b6ed34fc13ae6bd6000292,Olav,Jiranek,ojiraneki@histats.com,210 613 6080,Male,867174486000,ojiraneki,"Oth fx shaft of left tibia, init for opn fx type I/2",123,true
62b6ed34fc13ae6bd6000293,62b6ed34fc13ae6bd6000293,Pearce,Tuttle,ptuttlej@usda.gov,541 283 3331,Male,670963358000,ptuttlej,Other dislocation of left radial head,123,false
62b6ed34fc13ae6bd6000294,62b6ed34fc13ae6bd6000294,Kristel,Doble,kdoblek@tumblr.com,753 799 9719,Female,930737424000,kdoblek,"Abrasion of right thumb, initial encounter",123,false
62b6ed34fc13ae6bd6000295,62b6ed34fc13ae6bd6000295,Nicol,Tidball,ntidballl@joomla.org,517 879 7665,Male,1057700488000,ntidballl,"Toxic effect of contact with oth venomous amphibian, assault",123,false
62b6ed34fc13ae6bd6000296,62b6ed34fc13ae6bd6000296,Lorraine,Nash,lnashm@parallels.com,645 150 8302,Female,657647202000,lnashm,Traumatic pneumothorax,123,true
62b6ed34fc13ae6bd6000297,62b6ed34fc13ae6bd6000297,Jandy,Bariball,jbariballn@goodreads.com,736 638 6478,Female,937290709000,jbariballn,"Other articular cartilage disorders, left hand",123,true
62b6ed34fc13ae6bd6000298,62b6ed34fc13ae6bd6000298,Bartholemy,Penwright,bpenwrighto@businessinsider.com,694 664 1056,Male,1085711661000,bpenwrighto,"Other infective (teno)synovitis, left shoulder",123,false
62b6ed34fc13ae6bd6000299,62b6ed34fc13ae6bd6000299,Alfi,Wetherburn,awetherburnp@yolasite.com,368 264 8238,Female,806366414000,awetherburnp,Acquired absence of leg below knee,123,false
62b6ed34fc13ae6bd600029a,62b6ed34fc13ae6bd600029a,Hadria,Tilley,htilleyq@arizona.edu,327 842 2598,Female,802954995000,htilleyq,"Incarcerated fx of med epicondyl of unsp humer, 7thP",123,true
62b6ed34fc13ae6bd600029b,62b6ed34fc13ae6bd600029b,Laney,Taill,ltaillr@list-manage.com,337 354 4300,Male,1007540217000,ltaillr,"Posterior dislocation of unspecified humerus, init encntr",123,true
62b6ed34fc13ae6bd600029c,62b6ed34fc13ae6bd600029c,Erwin,Lichfield,elichfields@mapquest.com,786 562 3417,Male,986718276000,elichfields,"Other fracture of lower end of unspecified femur, sequela",123,true
62b6ed34fc13ae6bd600029d,62b6ed34fc13ae6bd600029d,Adrienne,Quarton,aquartont@msn.com,974 294 7442,Female,749701773000,aquartont,"Corrosion of first degree of male genital region, subs",123,false
62b6ed34fc13ae6bd600029e,62b6ed34fc13ae6bd600029e,Cathie,Broggini,cbrogginiu@redcross.org,434 924 5997,Female,974953015000,cbrogginiu,"Occup of 3-whl mv inj in clsn w nonmtr vehicle nontraf, subs",123,false
62b6ed34fc13ae6bd600029f,62b6ed34fc13ae6bd600029f,Moore,Halsworth,mhalsworthv@sciencedaily.com,894 481 7597,Male,912356439000,mhalsworthv,"Oth cnsl comp of anesth during pregnancy, second trimester",123,true
62b6ed34fc13ae6bd60002a0,62b6ed34fc13ae6bd60002a0,Parsifal,Bursnall,pbursnallw@washingtonpost.com,147 590 5907,Male,745803965000,pbursnallw,"Disp fx of base of nk of r femr, 7thG",123,true
62b6ed34fc13ae6bd60002a1,62b6ed34fc13ae6bd60002a1,Archaimbaud,Flipek,aflipekx@samsung.com,274 157 9689,Male,837758313000,aflipekx,"Inj unsp blood vessel at hip and thigh level, left leg, init",123,false
62b6ed34fc13ae6bd60002a2,62b6ed34fc13ae6bd60002a2,Querida,Wigg,qwiggy@storify.com,955 974 5221,Female,676986908000,qwiggy,Type III traumatic spondylolysis of third cervcal vertebra,123,true
62b6ed34fc13ae6bd60002a3,62b6ed34fc13ae6bd60002a3,Gayleen,Iacovelli,giacovelliz@smh.com.au,929 802 6276,Female,968026126000,giacovelliz,"Osteonecrosis due to drugs, unspecified shoulder",123,true
62b6ed34fc13ae6bd60002a4,62b6ed34fc13ae6bd60002a4,Sheila,Pranger,spranger10@hc360.com,181 340 5386,Female,899934671000,spranger10,"Other chorioretinal scars, right eye",123,true
62b6ed34fc13ae6bd60002a5,62b6ed34fc13ae6bd60002a5,Nataniel,Yansons,nyansons11@google.com.hk,285 304 1505,Male,851499578000,nyansons11,Unspecified focal traumatic brain injury,123,true
62b6ed34fc13ae6bd60002a6,62b6ed34fc13ae6bd60002a6,Miner,Viall,mviall12@apple.com,782 769 1686,Male,1089304295000,mviall12,"Legal intervnt w injury by mch gun, bystand injured, subs",123,false
62b6ed34fc13ae6bd60002a7,62b6ed34fc13ae6bd60002a7,Anthony,Oldroyd,aoldroyd13@examiner.com,611 102 7646,Male,718881872000,aoldroyd13,"Injury of l int carotid, intcr w LOC of 31-59 min, subs",123,true
62b6ed34fc13ae6bd60002a8,62b6ed34fc13ae6bd60002a8,Giacinta,Stead,gstead14@amazon.de,457 944 8981,Female,1053875171000,gstead14,"Other secondary chronic gout, right wrist",123,true
62b6ed34fc13ae6bd60002a9,62b6ed34fc13ae6bd60002a9,Blakelee,Danilyak,bdanilyak15@miibeian.gov.cn,288 741 5650,Female,935657833000,bdanilyak15,Calcaneal spur,123,true
62b6ed34fc13ae6bd60002aa,62b6ed34fc13ae6bd60002aa,Lowe,Costellow,lcostellow16@wiley.com,393 674 0040,Male,717967746000,lcostellow16,"Lacerat musc/tend ant grp at low leg level, unsp leg, subs",123,true
62b6ed34fc13ae6bd60002ab,62b6ed34fc13ae6bd60002ab,Jerrine,Rodolf,jrodolf17@ask.com,847 776 8084,Female,1058019014000,jrodolf17,"Oth fracture of left acetabulum, init for clos fx",123,true
62b6ed34fc13ae6bd60002ac,62b6ed34fc13ae6bd60002ac,Lorin,Witherbed,lwitherbed18@state.gov,400 489 5130,Male,765907788000,lwitherbed18,Unspecified intracapsular fracture of left femur,123,false
62b6ed34fc13ae6bd60002ad,62b6ed34fc13ae6bd60002ad,Al,Hixson,ahixson19@netvibes.com,820 256 1886,Male,643178746000,ahixson19,"Unsp fx shaft of left ulna, init for opn fx type 3A/B/C",123,false
62b6ed34fc13ae6bd60002ae,62b6ed34fc13ae6bd60002ae,Sher,Alps,salps1a@hexun.com,495 879 0080,Female,855646856000,salps1a,"Prsn outsd 3-whl mv inj in clsn w statnry obj in traf, init",123,false
62b6ed34fc13ae6bd60002af,62b6ed34fc13ae6bd60002af,Kally,McQuaide,kmcquaide1b@meetup.com,793 118 3557,Female,1076239461000,kmcquaide1b,"Poisoning by unsp hormone antagonists, self-harm, init",123,true
62b6ed34fc13ae6bd60002b0,62b6ed34fc13ae6bd60002b0,Beilul,Banaszczyk,bbanaszczyk1c@domainmarket.com,196 590 0239,Female,675954239000,bbanaszczyk1c,Personal history of oth (corrected) congenital malformations,123,false
62b6ed34fc13ae6bd60002b1,62b6ed34fc13ae6bd60002b1,Rainer,Paolone,rpaolone1d@chronoengine.com,707 849 8526,Male,731488759000,rpaolone1d,"Asphyx due to being trapped in a car trunk, undet, init",123,true